                  epoch,         train/box_loss,         train/seg_loss,         train/cls_loss,         train/dfl_loss,   metrics/precision(B),      metrics/recall(B),       metrics/mAP50(B),    metrics/mAP50-95(B),   metrics/precision(M),      metrics/recall(M),       metrics/mAP50(M),    metrics/mAP50-95(M),           val/box_loss,           val/seg_loss,           val/cls_loss,           val/dfl_loss,                 lr/pg0,                 lr/pg1,                 lr/pg2
                      1,                 3.7264,                 7.4779,                 5.7395,                  4.215,                      0,                      0,                      0,                      0,                      0,                      0,                      0,                      0,                 3.4968,                 5.1549,                 5.2924,                 4.1614,             0.00014857,             0.00014857,             0.00014857
                      2,                 3.3414,                 3.8361,                 4.8932,                 3.8421,                      0,                      0,                      0,                      0,                      0,                      0,                      0,                      0,                 3.6535,                 4.7269,                 5.2221,                 4.3266,             0.00029875,             0.00029875,             0.00029875
                      3,                 2.9234,                 3.0961,                 4.1316,                  3.447,                0.78726,                0.09722,                 0.1695,                 0.0727,                0.76688,                0.05787,                0.10709,                0.04562,                  2.639,                 4.6646,                 4.1416,                 3.5194,             0.00044743,             0.00044743,             0.00044743
                      4,                 2.6186,                 2.5444,                 3.5648,                 3.1017,                0.80765,                0.14137,                0.14117,                0.07164,                0.26249,                 0.2608,                  0.126,                0.05901,                 2.6083,                  5.056,                 17.683,                 3.6262,             0.00044824,             0.00044824,             0.00044824
                      5,                 2.3781,                 2.0654,                 3.0642,                 2.8587,                0.42356,                0.20255,                0.22486,                0.12313,                0.41935,                0.15178,                0.20449,                0.10378,                 2.2048,                 3.2028,                 3.8204,                 3.0589,             0.00044824,             0.00044824,             0.00044824
                      6,                 2.1632,                 1.6495,                 2.7265,                  2.606,                0.56024,                0.49509,                 0.5737,                0.35658,                0.49317,                 0.5499,                0.58267,                0.39067,                 1.7766,                 1.6535,                 2.2494,                 2.5818,             0.00044599,             0.00044599,             0.00044599
                      7,                 2.0456,                 1.4528,                 2.4943,                 2.4561,                0.33019,                0.58689,                0.55433,                0.34099,                0.36043,                0.56416,                0.55968,                0.31027,                  1.739,                  2.205,                 2.1008,                 2.4141,             0.00044374,             0.00044374,             0.00044374
                      8,                 1.8837,                 1.3748,                 2.2956,                 2.2847,                0.51349,                0.61278,                0.63249,                0.42169,                0.47961,                0.61509,                0.63358,                0.45139,                 1.6287,                 1.5103,                 2.4683,                 2.3302,             0.00044149,             0.00044149,             0.00044149
                      9,                 1.7758,                 1.2443,                 2.1933,                 2.2207,                0.59763,                0.72475,                0.76559,                0.53358,                0.57164,                0.72012,                0.75844,                0.59551,                 1.4793,                 1.0635,                 1.8219,                 2.1205,             0.00043923,             0.00043923,             0.00043923
                     10,                 1.6101,                 1.0553,                  2.024,                 2.0637,                0.64355,                0.73871,                0.80252,                0.53996,                0.64255,                0.73501,                0.79937,                0.60381,                 1.4311,                0.99248,                 1.5532,                 2.0938,             0.00043698,             0.00043698,             0.00043698
                     11,                 1.5269,                 1.0877,                 1.8886,                 1.9988,                0.62808,                0.68897,                0.74363,                0.53647,                0.63358,                0.69592,                0.75299,                0.58157,                 1.3318,                 1.1169,                 1.9181,                 1.9724,             0.00043473,             0.00043473,             0.00043473
                     12,                 1.4204,                 1.0338,                 1.7641,                 1.8943,                0.70357,                0.79979,                0.78079,                0.59378,                0.70097,                0.79123,                0.78758,                0.61282,                 1.2277,                0.82196,                 1.3973,                 1.8791,             0.00043248,             0.00043248,             0.00043248
                     13,                 1.3752,                0.90571,                 1.7176,                 1.8332,                 0.5453,                0.83537,                0.78963,                0.59695,                0.54808,                0.83371,                0.79052,                0.62647,                 1.3004,                 1.0018,                 1.6019,                 1.8781,             0.00043023,             0.00043023,             0.00043023
                     14,                 1.2624,                0.92384,                 1.5726,                 1.7277,                0.73526,                0.81491,                0.83198,                 0.6813,                0.74069,                0.82186,                0.83688,                0.70702,                 1.0802,                0.77836,                 1.2758,                 1.6922,             0.00042797,             0.00042797,             0.00042797
                     15,                 1.2642,                0.90954,                 1.5955,                 1.6786,                0.66385,                0.89923,                0.83958,                0.69011,                0.66566,                0.90154,                0.84327,                0.70795,                0.97662,                0.83009,                 1.2592,                 1.6326,             0.00042572,             0.00042572,             0.00042572
                     16,                 1.2059,                0.83325,                 1.5006,                 1.6177,                0.72339,                0.80226,                0.81567,                0.66481,                 0.7292,                 0.8092,                0.82382,                  0.694,                 1.0308,                0.76537,                 1.2371,                  1.574,             0.00042347,             0.00042347,             0.00042347
                     17,                 1.1906,                0.84317,                 1.4893,                 1.5851,                0.66985,                0.83383,                0.82962,                 0.7005,                0.67567,                0.84077,                0.83947,                0.71172,                0.93746,                0.76072,                 1.2753,                 1.5056,             0.00042122,             0.00042122,             0.00042122
                     18,                  1.109,                0.79091,                 1.4076,                 1.5369,                0.69051,                0.82506,                0.79778,                0.66807,                0.69933,                0.83179,                0.81116,                0.68491,                 0.9114,                0.71334,                 1.2525,                 1.4723,             0.00041896,             0.00041896,             0.00041896
                     19,                 1.1157,                0.75507,                 1.3753,                 1.5281,                0.69432,                0.88129,                0.82839,                0.70549,                0.69973,                0.88808,                0.83701,                0.71076,                 0.9124,                0.72489,                 1.1449,                 1.4857,             0.00041671,             0.00041671,             0.00041671
                     20,                 1.0711,                0.70704,                 1.3254,                 1.4548,                0.75432,                0.85477,                0.81744,                0.68247,                  0.761,                0.86046,                0.82686,                0.70565,                0.95944,                0.75237,                 1.2125,                 1.4586,             0.00041446,             0.00041446,             0.00041446
                     21,                 1.0736,                0.72276,                 1.3301,                 1.4502,                0.68809,                0.89336,                0.84036,                0.71376,                0.68809,                0.89336,                0.84194,                0.72769,                0.86631,                 0.6795,                 1.0421,                 1.4101,             0.00041221,             0.00041221,             0.00041221
                     22,                 1.0359,                0.70332,                 1.2774,                 1.4174,                0.66537,                0.91829,                0.83005,                0.70233,                0.66537,                0.91829,                0.83005,                0.72621,                 0.8509,                0.70858,                0.97462,                 1.3719,             0.00040995,             0.00040995,             0.00040995
                     23,                0.98662,                0.69265,                 1.2028,                 1.3773,                0.78244,                0.89774,                0.85036,                0.75111,                0.78244,                0.89774,                0.84832,                 0.7452,                0.75084,                0.66653,                0.90452,                 1.3142,              0.0004077,              0.0004077,              0.0004077
                     24,                0.93529,                0.68855,                 1.2146,                 1.3551,                0.71439,                0.87611,                0.84927,                 0.7533,                0.71207,                0.87321,                0.84378,                0.74414,                0.75854,                0.72291,                0.96127,                 1.3162,             0.00040545,             0.00040545,             0.00040545
                     25,                0.98233,                0.72152,                 1.2451,                 1.3597,                0.71682,                0.87459,                0.83701,                0.73129,                0.71682,                0.87459,                0.83878,                0.72556,                 0.7665,                0.78242,                0.98798,                  1.286,              0.0004032,              0.0004032,              0.0004032
                     26,                0.95016,                0.69995,                 1.1679,                 1.3337,                0.73089,                0.90299,                 0.8782,                  0.757,                0.74016,                0.91457,                0.89342,                0.76026,                0.78157,                0.70086,                0.93027,                 1.3259,             0.00040095,             0.00040095,             0.00040095
                     27,                0.90133,                0.68563,                 1.1498,                 1.3115,                0.68726,                0.91813,                0.82031,                0.72874,                0.69194,                0.92466,                0.83198,                0.72658,                0.75775,                0.68244,                0.93571,                 1.2964,             0.00039869,             0.00039869,             0.00039869
                     28,                0.89653,                0.62126,                 1.1556,                 1.3049,                0.69946,                0.91666,                  0.873,                0.77409,                0.71202,                0.92923,                0.88617,                0.76694,                0.70922,                 0.7189,                0.98913,                 1.2352,             0.00039644,             0.00039644,             0.00039644
                     29,                 0.8716,                0.62727,                  1.133,                 1.2792,                 0.7327,                0.88561,                0.84095,                0.71372,                0.73448,                0.88885,                0.84385,                0.73323,                0.79617,                0.78765,                0.94994,                 1.2866,             0.00039419,             0.00039419,             0.00039419
                     30,                0.84539,                0.61678,                 1.0831,                 1.2822,                0.73896,                 0.8932,                0.83439,                0.72598,                0.73896,                 0.8932,                0.83293,                0.73562,                0.73181,                0.74517,                0.87093,                 1.2357,             0.00039194,             0.00039194,             0.00039194
                     31,                0.83221,                0.63009,                 1.0446,                 1.2481,                0.75161,                0.91102,                0.83718,                 0.7537,                 0.7618,                0.92908,                0.84894,                0.72623,                0.66324,                 0.7059,                 0.8697,                 1.1877,             0.00038968,             0.00038968,             0.00038968
                     32,                0.83695,                0.69362,                 1.0719,                  1.242,                0.81719,                0.82735,                0.84996,                0.74483,                0.82241,                0.83429,                0.85935,                0.73986,                0.72002,                0.67765,                0.95232,                 1.2189,             0.00038743,             0.00038743,             0.00038743
                     33,                0.83668,                0.59066,                 1.0469,                 1.2296,                0.80772,                0.85489,                0.82453,                0.73544,                0.80772,                0.85489,                0.82453,                0.70065,                0.68687,                0.67843,                0.88575,                 1.1641,             0.00038518,             0.00038518,             0.00038518
                     34,                 0.7827,                0.63921,                 1.0185,                 1.2008,                0.75102,                 0.9157,                0.86359,                0.77787,                0.74817,                0.91166,                0.85935,                0.74971,                 0.6277,                 0.7516,                0.83908,                 1.1501,             0.00038293,             0.00038293,             0.00038293
                     35,                0.79837,                0.62196,                 1.0027,                 1.1897,                 0.7227,                0.91354,                0.82985,                0.76139,                0.72767,                0.91933,                0.83716,                0.73327,                0.59415,                0.65542,                0.82348,                 1.1266,             0.00038068,             0.00038068,             0.00038068
                     36,                 0.7824,                0.59856,                0.96496,                 1.1848,                0.73918,                0.86618,                0.84974,                0.78269,                0.73269,                0.86155,                0.84363,                0.75624,                0.59601,                0.68027,                0.89314,                 1.1083,             0.00037842,             0.00037842,             0.00037842
                     37,                 0.7816,                0.57883,                0.99153,                 1.1871,                0.73466,                0.90819,                0.84633,                0.75875,                0.73516,                0.90807,                0.84381,                0.73018,                0.65335,                0.73216,                0.89895,                 1.1572,             0.00037617,             0.00037617,             0.00037617
                     38,                0.75079,                0.60351,                0.92957,                 1.1824,                0.80202,                0.86089,                0.86476,                0.78419,                0.80775,                0.86788,                0.86182,                0.77226,                0.63619,                0.64128,                0.78884,                 1.1142,             0.00037392,             0.00037392,             0.00037392
                     39,                0.77715,                0.59418,                0.99536,                 1.1993,                0.75989,                0.88787,                0.86665,                0.79954,                0.75989,                0.88787,                 0.8643,                0.77068,                0.58693,                0.66823,                0.82227,                 1.1126,             0.00037167,             0.00037167,             0.00037167
                     40,                0.76134,                0.55118,                0.95587,                 1.1636,                0.82193,                0.87501,                  0.866,                0.79128,                0.82692,                0.88195,                0.87621,                 0.7617,                0.63601,                0.65834,                0.83521,                 1.1284,             0.00036941,             0.00036941,             0.00036941
                     41,                0.74505,                0.54633,                0.95593,                 1.1612,                0.74997,                0.88281,                0.86366,                0.77601,                0.74901,                0.88327,                0.86338,                 0.7728,                0.64607,                0.68934,                0.83557,                 1.1114,             0.00036716,             0.00036716,             0.00036716
                     42,                0.75157,                0.56202,                0.95199,                 1.1486,                0.76372,                0.92576,                0.87008,                0.79288,                0.76953,                0.93271,                0.87089,                0.79168,                0.58193,                0.65351,                0.90107,                 1.0948,             0.00036491,             0.00036491,             0.00036491
                     43,                0.74485,                0.57598,                0.94131,                 1.1399,                0.78069,                0.90471,                0.88999,                0.81453,                0.77809,                0.91031,                0.88985,                0.78387,                0.57293,                0.70997,                0.79634,                 1.0713,             0.00036266,             0.00036266,             0.00036266
                     44,                0.72364,                0.57741,                0.92378,                 1.1318,                0.71902,                0.88624,                0.86707,                0.78848,                0.72489,                0.89043,                0.87037,                0.76004,                0.62967,                0.69336,                0.81133,                 1.0913,             0.00036041,             0.00036041,             0.00036041
                     45,                0.71039,                0.58682,                0.88036,                 1.1443,                0.79874,                0.88318,                0.87153,                0.80652,                0.80472,                0.89012,                0.87655,                0.78046,                0.55655,                0.72956,                0.75243,                 1.0406,             0.00035815,             0.00035815,             0.00035815
                     46,                0.71532,                0.55556,                0.87206,                 1.1245,                0.74491,                0.94587,                0.85868,                0.79881,                0.75552,                0.91561,                0.86637,                0.77527,                0.56625,                0.68274,                0.80157,                 1.0739,              0.0003559,              0.0003559,              0.0003559
                     47,                0.69258,                0.52193,                0.86949,                  1.119,                0.70813,                0.89151,                0.86336,                0.79567,                0.71327,                0.89846,                0.86719,                0.76753,                0.58869,                  0.695,                0.76268,                 1.0697,             0.00035365,             0.00035365,             0.00035365
                     48,                0.69634,                0.54988,                0.86686,                 1.0964,                0.75179,                0.92067,                0.85946,                0.80389,                0.75179,                0.92067,                0.85772,                0.76314,                0.52475,                0.71965,                0.78375,                 1.0413,              0.0003514,              0.0003514,              0.0003514
                     49,                0.67756,                0.51484,                0.86818,                 1.1063,                0.75251,                 0.9438,                0.88638,                0.82546,                0.75433,                0.93892,                0.88391,                0.77833,                0.51571,                0.66814,                0.72949,                 1.0193,             0.00034914,             0.00034914,             0.00034914
                     50,                0.66524,                 0.5379,                0.84639,                 1.0785,                0.71843,                0.95373,                0.88366,                0.80084,                0.70931,                0.94891,                0.87413,                0.77565,                0.58801,                0.56878,                0.70163,                 1.0468,             0.00034689,             0.00034689,             0.00034689
                     51,                0.65942,                0.52066,                0.83479,                  1.079,                 0.7217,                0.93873,                0.88114,                0.82352,                 0.7216,                0.94105,                0.88209,                0.79038,                0.52929,                0.61336,                0.70685,                 1.0349,             0.00034464,             0.00034464,             0.00034464
                     52,                0.66543,                0.54231,                0.85978,                 1.0842,                0.76229,                0.89917,                0.85758,                0.79203,                0.76229,                0.89917,                0.85744,                0.74975,                0.55742,                0.74167,                 0.7286,                 1.0442,             0.00034239,             0.00034239,             0.00034239
                     53,                0.64203,                0.49698,                0.82705,                 1.0834,                0.79438,                0.89426,                0.87713,                0.81342,                0.79438,                0.89426,                0.87743,                0.78254,                0.54533,                0.59135,                0.74295,                 1.0322,             0.00034014,             0.00034014,             0.00034014
                     54,                0.65273,                0.55778,                 0.8129,                 1.0791,                0.78225,                0.90773,                0.86717,                0.81019,                0.78792,                0.91467,                0.87358,                0.78615,                0.56575,                0.70113,                0.69532,                 1.0486,             0.00033788,             0.00033788,             0.00033788
                     55,                0.64932,                0.53146,                0.76869,                 1.0738,                 0.7883,                0.89896,                0.87313,                0.78944,                0.78948,                0.90265,                0.87204,                0.76579,                0.57776,                0.60141,                0.73669,                 1.0532,             0.00033563,             0.00033563,             0.00033563
                     56,                0.61908,                0.51356,                0.77312,                 1.0518,                0.81914,                0.86398,                  0.885,                0.82888,                0.82561,                0.87093,                0.89403,                0.79383,                0.55189,                0.65969,                 0.7512,                 1.0389,             0.00033338,             0.00033338,             0.00033338
                     57,                0.63432,                0.49596,                 0.7825,                  1.054,                0.81355,                0.90825,                0.87737,                0.80642,                0.81972,                0.91519,                0.88818,                0.78187,                0.54996,                 0.8553,                0.62934,                 1.0266,             0.00033113,             0.00033113,             0.00033113
                     58,                0.62063,                0.48496,                0.76861,                 1.0635,                0.75759,                0.91125,                0.90524,                0.84951,                0.75759,                0.91125,                0.90378,                0.80662,                0.52458,                0.60504,                0.64363,                   1.01,             0.00032887,             0.00032887,             0.00032887
                     59,                0.63113,                0.54099,                0.76908,                 1.0393,                0.85075,                0.85579,                0.87769,                0.80876,                0.85075,                0.85579,                0.87672,                0.78835,                0.52905,                0.59449,                0.72607,                 1.0145,             0.00032662,             0.00032662,             0.00032662
                     60,                0.62293,                0.49691,                0.77664,                 1.0463,                0.74471,                0.90712,                0.88576,                0.83093,                0.74471,                0.90712,                0.88462,                0.78202,                0.53223,                0.59597,                0.71846,                 1.0024,             0.00032437,             0.00032437,             0.00032437
                     61,                0.61987,                0.50604,                0.72684,                  1.038,                0.78511,                0.93764,                0.90705,                0.84241,                0.79099,                0.94459,                  0.911,                0.81286,                 0.5425,                0.64351,                0.64548,                 1.0344,             0.00032212,             0.00032212,             0.00032212
                     62,                0.61711,                0.50491,                0.77534,                 1.0603,                0.78149,                0.88237,                0.89148,                0.81652,                0.78428,                0.88518,                0.89055,                0.79693,                0.54845,                0.63467,                0.69588,                 1.0242,             0.00031986,             0.00031986,             0.00031986
                     63,                0.62453,                0.48439,                0.76001,                 1.0416,                0.77193,                0.94651,                0.88877,                0.82309,                0.77768,                0.95345,                0.89214,                0.78622,                0.51816,                0.58053,                0.66414,                0.99807,             0.00031761,             0.00031761,             0.00031761
                     64,                0.60513,                0.53788,                0.75273,                 1.0334,                0.73804,                0.92019,                0.88224,                 0.8192,                0.73804,                0.92019,                 0.8818,                0.78485,                0.48786,                0.62303,                0.67377,                0.97943,             0.00031536,             0.00031536,             0.00031536
                     65,                0.61732,                0.48855,                0.74239,                 1.0376,                0.79163,                0.90696,                0.87386,                0.80069,                0.79214,                0.90941,                0.87664,                0.77972,                0.53861,                0.60209,                0.65485,                 1.0104,             0.00031311,             0.00031311,             0.00031311
                     66,                 0.6046,                0.50652,                0.72191,                 1.0272,                0.79965,                0.91744,                0.90288,                0.83529,                0.80331,                0.93215,                0.90579,                0.80086,                0.50751,                0.53598,                0.68634,                0.98837,             0.00031086,             0.00031086,             0.00031086
                     67,                 0.5792,                0.48378,                0.72745,                 1.0176,                0.74251,                0.92472,                0.88951,                0.82796,                0.74353,                0.93767,                0.89745,                0.80213,                0.46822,                0.55459,                0.64635,                 1.0347,              0.0003086,              0.0003086,              0.0003086
                     68,                0.58794,                0.46009,                0.71648,                 1.0336,                0.78642,                0.96659,                0.91003,                0.84618,                0.78642,                0.96659,                0.90997,                0.81783,                0.47092,                0.69457,                0.59328,                   1.03,             0.00030635,             0.00030635,             0.00030635
                     69,                0.59573,                0.52062,                0.72807,                 1.0484,                0.74532,                0.95879,                0.89278,                0.83489,                0.75302,                0.97094,                0.90601,                0.80846,                0.45551,                0.60139,                0.64908,                 1.0201,              0.0003041,              0.0003041,              0.0003041
                     70,                0.58988,                 0.4924,                0.74739,                 1.0517,                0.71021,                0.96714,                0.87916,                0.81279,                0.70695,                0.96341,                0.87529,                0.79356,                0.47954,                0.60012,                0.67915,                 1.0332,             0.00030185,             0.00030185,             0.00030185
                     71,                0.54231,                0.47512,                0.69415,                 1.0241,                0.79839,                0.95683,                0.91428,                0.86036,                0.79808,                0.96771,                0.91587,                0.82047,                0.42762,                0.66112,                0.57783,                0.99293,             0.00029959,             0.00029959,             0.00029959
                     72,                0.57877,                0.50365,                0.73622,                 1.0406,                0.78205,                0.91595,                0.89651,                0.83447,                0.78205,                0.91595,                0.89651,                0.80938,                0.45184,                0.61233,                0.64711,                 1.0159,             0.00029734,             0.00029734,             0.00029734
                     73,                0.54598,                0.45437,                0.70423,                 1.0272,                0.74682,                0.93761,                0.91807,                0.85848,                0.75251,                0.94456,                0.92067,                0.82346,                0.43984,                0.64159,                0.60149,                 1.0049,             0.00029509,             0.00029509,             0.00029509
                     74,                0.54656,                0.49431,                0.70194,                 1.0268,                0.84533,                0.86311,                0.90398,                0.84388,                0.84359,                0.87187,                 0.9079,                0.81576,                0.42241,                0.59037,                0.67526,                0.98387,             0.00029284,             0.00029284,             0.00029284
                     75,                0.56358,                0.46749,                0.70696,                 1.0426,                0.75413,                0.97299,                0.90556,                  0.843,                0.75934,                0.97994,                0.90852,                0.81436,                0.45417,                0.58444,                0.61892,                 1.0057,             0.00029059,             0.00029059,             0.00029059
                     76,                0.55568,                0.45086,                 0.7136,                 1.0311,                 0.7731,                0.91053,                0.89795,                0.84274,                 0.7731,                0.91053,                0.89795,                0.81294,                0.44211,                0.71167,                0.59345,                 1.0026,             0.00028833,             0.00028833,             0.00028833
                     77,                0.53349,                0.45639,                0.69636,                 1.0156,                0.81505,                0.94693,                0.91167,                0.84862,                0.81505,                0.94693,                0.91455,                0.81649,                 0.4268,                0.60628,                0.62696,                0.99546,             0.00028608,             0.00028608,             0.00028608
                     78,                0.53339,                0.46515,                0.67632,                  1.007,                0.75654,                0.96179,                0.89034,                0.84086,                0.76276,                0.96792,                0.89792,                0.81028,                0.43168,                0.54552,                0.61658,                 1.0037,             0.00028383,             0.00028383,             0.00028383
                     79,                 0.5289,                0.51299,                0.67944,                  1.023,                0.78898,                0.93457,                0.90938,                0.85699,                0.79422,                0.94151,                0.91946,                0.81883,                0.43008,                0.77771,                0.57114,                0.99184,             0.00028158,             0.00028158,             0.00028158
                     80,                0.53324,                0.46104,                0.65924,                 1.0112,                0.83067,                0.90388,                0.90989,                0.84643,                0.83647,                0.91082,                0.91853,                0.82269,                0.43474,                0.70302,                0.55445,                0.98689,             0.00027932,             0.00027932,             0.00027932
                     81,                0.52996,                0.45442,                0.68125,                 1.0133,                0.78957,                0.94288,                0.93158,                0.86777,                0.79497,                0.94983,                0.93759,                0.83813,                0.44863,                 0.7338,                0.57024,                0.99563,             0.00027707,             0.00027707,             0.00027707
                     82,                0.54967,                0.43437,                0.68442,                 1.0244,                0.75936,                0.95679,                0.89788,                0.84295,                0.76543,                0.96373,                0.90122,                0.80436,                0.44435,                0.71181,                 0.6162,                 1.0073,             0.00027482,             0.00027482,             0.00027482
                     83,                0.52105,                0.45012,                0.66051,                 1.0209,                0.75972,                0.97762,                0.91589,                0.84946,                0.76623,                0.98457,                0.91845,                0.82469,                0.44942,                0.65492,                0.54779,                0.99726,             0.00027257,             0.00027257,             0.00027257
                     84,                0.52709,                0.42393,                0.66369,                 1.0134,                0.81052,                0.94212,                0.91384,                0.84798,                0.81681,                0.94907,                0.91641,                0.82207,                0.44276,                  0.588,                0.55644,                0.98888,             0.00027032,             0.00027032,             0.00027032
                     85,                0.52815,                 0.4481,                0.65845,                  1.009,                 0.8037,                0.94839,                0.92342,                0.87115,                 0.8037,                0.94839,                0.92342,                0.83962,                0.42657,                0.65337,                0.51594,                 1.0034,             0.00026806,             0.00026806,             0.00026806
                     86,                 0.5088,                0.45655,                0.65233,                 1.0076,                0.78894,                0.95569,                 0.9185,                0.86037,                0.79589,                0.96264,                0.92226,                0.83144,                0.41476,                 0.6875,                0.53187,                0.98618,             0.00026581,             0.00026581,             0.00026581
                     87,                0.49295,                  0.468,                0.64291,                 0.9969,                0.79178,                0.95564,                0.90208,                0.84966,                0.79834,                0.96243,                0.91284,                0.82228,                0.43006,                0.60408,                0.60863,                0.98306,             0.00026356,             0.00026356,             0.00026356
                     88,                0.53424,                0.47124,                0.69494,                 1.0152,                 0.7882,                0.96239,                0.92891,                0.87186,                 0.7882,                0.96239,                0.92891,                0.83963,                0.38995,                0.83698,                0.52349,                0.96528,             0.00026131,             0.00026131,             0.00026131
                     89,                0.50833,                 0.4322,                0.63493,                 1.0038,                0.77611,                0.97434,                0.90777,                 0.8582,                0.77611,                0.97434,                0.90777,                0.82785,                0.42658,                0.79662,                0.57714,                0.98184,             0.00025905,             0.00025905,             0.00025905
                     90,                0.50306,                0.45283,                0.64402,                 0.9918,                0.77149,                0.96798,                0.91281,                0.85577,                0.77739,                0.97492,                 0.9194,                0.83191,                0.41921,                0.67454,                 0.5556,                0.97226,              0.0002568,              0.0002568,              0.0002568
                     91,                0.49047,                0.43931,                0.62091,                0.99685,                0.89098,                0.87742,                 0.9266,                0.88179,                0.89798,                0.88436,                0.93235,                0.83409,                0.38927,                 0.5643,                0.56572,                0.95716,             0.00025455,             0.00025455,             0.00025455
                     92,                0.49493,                0.43642,                0.65486,                0.99912,                0.80365,                0.92605,                0.91657,                0.87224,                0.81024,                  0.933,                0.92494,                0.83268,                 0.3893,                0.60427,                0.57793,                0.95714,              0.0002523,              0.0002523,              0.0002523
                     93,                0.48899,                0.43396,                0.63753,                0.98659,                0.82788,                 0.9282,                0.93417,                0.89031,                0.83458,                0.93515,                0.93897,                0.83311,                0.37327,                0.61917,                0.52753,                0.94227,             0.00025005,             0.00025005,             0.00025005
                     94,                0.48416,                0.40653,                0.63849,                0.98455,                0.76092,                0.96705,                0.90559,                0.85597,                0.76736,                  0.974,                0.90935,                0.81357,                0.40187,                0.64697,                0.55862,                0.95438,             0.00024779,             0.00024779,             0.00024779
                     95,                0.48178,                0.43934,                0.62577,                0.99171,                0.76862,                0.96651,                 0.9059,                0.86205,                0.77565,                0.97346,                0.91551,                0.81689,                0.38936,                0.73046,                 0.5244,                0.94886,             0.00024554,             0.00024554,             0.00024554
                     96,                0.47213,                0.43591,                0.61452,                0.98383,                0.76887,                0.96622,                0.89881,                0.86202,                0.76887,                0.96622,                0.89881,                0.81059,                 0.3882,                0.78174,                0.49387,                0.94787,             0.00024329,             0.00024329,             0.00024329
                     97,                0.48298,                0.42411,                0.63123,                0.99619,                0.79648,                0.93837,                  0.897,                0.85742,                0.79648,                0.93837,                  0.897,                0.80674,                0.39977,                0.67385,                0.58287,                0.95887,             0.00024104,             0.00024104,             0.00024104
                     98,                0.47497,                0.41541,                0.60867,                0.98665,                 0.7443,                0.96651,                0.88971,                0.84651,                 0.7443,                0.96651,                0.88971,                0.81127,                0.39401,                0.71376,                0.53842,                0.95415,             0.00023878,             0.00023878,             0.00023878
                     99,                0.49279,                0.44201,                0.62204,                0.99015,                0.81644,                0.94118,                0.91468,                0.86869,                0.82407,                0.94812,                0.92476,                0.83043,                 0.4477,                0.67495,                0.60955,                0.97441,             0.00023653,             0.00023653,             0.00023653
                    100,                0.49501,                0.43594,                0.59751,                0.98485,                0.80614,                0.91452,                0.92948,                  0.881,                0.80426,                0.91688,                0.93324,                0.84339,                0.38887,                0.66702,                 0.6295,                0.94897,             0.00023428,             0.00023428,             0.00023428
                    101,                 0.4756,                 0.4302,                0.61333,                0.98317,                0.81062,                0.96395,                0.92883,                0.88582,                0.81709,                 0.9709,                0.93877,                0.84086,                0.35937,                0.64514,                0.54565,                0.93472,             0.00023203,             0.00023203,             0.00023203
                    102,                0.46315,                0.42693,                0.61586,                0.96894,                0.77093,                0.96051,                0.91669,                 0.8698,                0.77731,                0.96685,                0.92601,                0.81862,                0.37118,                0.65441,                0.57059,                0.93289,             0.00022978,             0.00022978,             0.00022978
                    103,                0.46628,                0.41432,                0.59979,                0.97473,                0.80245,                0.96246,                0.90956,                0.86793,                0.80885,                0.96906,                0.91762,                0.82332,                0.36605,                0.64773,                0.52812,                0.93213,             0.00022752,             0.00022752,             0.00022752
                    104,                0.47211,                0.45489,                0.61149,                0.98389,                0.81216,                 0.9456,                0.91995,                0.87758,                0.81938,                0.95255,                0.92736,                0.83196,                0.36596,                 0.6576,                0.55583,                0.93383,             0.00022527,             0.00022527,             0.00022527
                    105,                0.46951,                0.41607,                0.61797,                0.98695,                0.80727,                0.90038,                0.91543,                0.86959,                0.80727,                0.90038,                0.91922,                0.82577,                0.39627,                0.66721,                0.65259,                0.95075,             0.00022302,             0.00022302,             0.00022302
                    106,                0.46418,                0.42564,                 0.6191,                0.97672,                0.77993,                0.97259,                 0.9075,                0.86472,                0.78604,                0.97954,                0.91097,                0.81686,                0.38535,                0.69108,                0.53441,                 0.9481,             0.00022077,             0.00022077,             0.00022077
                    107,                 0.4584,                0.42508,                0.58697,                0.95574,                0.78294,                0.96844,                0.91436,                0.87024,                0.78858,                0.97538,                0.91748,                0.82839,                 0.4007,                0.68016,                0.53306,                0.95286,             0.00021851,             0.00021851,             0.00021851
                    108,                0.44786,                0.42186,                0.57645,                 0.9612,                0.84762,                0.88938,                0.89588,                0.83969,                0.85512,                0.89632,                0.89856,                0.81073,                0.40886,                0.62183,                0.56689,                0.95992,             0.00021626,             0.00021626,             0.00021626
                    109,                0.45252,                0.42369,                0.59514,                0.96961,                0.79291,                0.96736,                0.91317,                0.86858,                0.79846,                0.97431,                0.91693,                0.83782,                0.40014,                0.73797,                 0.5012,                0.95567,             0.00021401,             0.00021401,             0.00021401
                    110,                0.45074,                0.42215,                0.57639,                0.96516,                0.75134,                0.96651,                0.91676,                0.87067,                0.76083,                0.97346,                0.91948,                0.81589,                0.37283,                0.68118,                0.53847,                 0.9403,             0.00021176,             0.00021176,             0.00021176
                    111,                0.46118,                0.42463,                0.58015,                0.97688,                0.84782,                0.94465,                0.93804,                0.90084,                0.85457,                0.95169,                0.94224,                0.84754,                0.35552,                0.67041,                0.53991,                0.93559,              0.0002095,              0.0002095,              0.0002095
                    112,                0.45423,                0.43546,                0.57031,                 0.9715,                0.77659,                0.97447,                0.91607,                0.88047,                0.78229,                0.98141,                0.92585,                0.83103,                 0.3506,                0.66049,                0.54239,                0.92987,             0.00020725,             0.00020725,             0.00020725
                    113,                0.45395,                0.41463,                0.56361,                0.96579,                0.80577,                0.96076,                0.91586,                0.87362,                0.81154,                0.95241,                0.92381,                0.82741,                0.37034,                0.59849,                0.51403,                0.93411,               0.000205,               0.000205,               0.000205
                    114,                0.44707,                0.42583,                0.57456,                0.97132,                0.81935,                0.94522,                0.93417,                0.88938,                0.82721,                0.95216,                0.93778,                0.84381,                0.37729,                0.63487,                0.56268,                0.94393,             0.00020275,             0.00020275,             0.00020275
                    115,                 0.4394,                0.42652,                0.56062,                0.96407,                0.85691,                0.87584,                0.90795,                0.86396,                0.85691,                0.87584,                0.90795,                0.81546,                0.36363,                0.58717,                0.54882,                0.93207,              0.0002005,              0.0002005,              0.0002005
                    116,                0.43219,                0.38939,                0.56061,                0.95492,                0.80208,                0.94597,                0.93577,                0.89032,                0.80208,                0.94597,                0.93577,                0.84461,                0.35104,                0.61749,                0.52764,                0.92481,             0.00019824,             0.00019824,             0.00019824
                    117,                0.45347,                0.40264,                0.58754,                0.97082,                0.79029,                0.96815,                 0.9319,                0.88651,                0.79622,                0.97509,                0.93666,                0.84697,                0.36762,                0.62142,                0.49711,                0.92167,             0.00019599,             0.00019599,             0.00019599
                    118,                0.43348,                0.42431,                0.55755,                0.96417,                0.80665,                0.96161,                0.92212,                0.87686,                0.80665,                0.96161,                0.92212,                0.82836,                0.36182,                0.60477,                0.49313,                 0.9346,             0.00019374,             0.00019374,             0.00019374
                    119,                0.44312,                0.41214,                0.58076,                0.96806,                0.79493,                0.96624,                0.91193,                0.87431,                0.80215,                0.97175,                0.92023,                0.82834,                 0.3666,                0.69429,                0.54663,                0.93943,             0.00019149,             0.00019149,             0.00019149
                    120,                0.42497,                0.41143,                0.55028,                0.95789,                0.78653,                0.97672,                0.92979,                0.88892,                 0.7922,                0.98367,                0.93351,                0.84781,                0.35937,                0.65595,                0.52352,                0.93231,             0.00018923,             0.00018923,             0.00018923
                    121,                0.42933,                 0.4253,                 0.5539,                0.96034,                0.76412,                 0.9698,                0.92061,                0.87805,                0.76943,                0.97674,                 0.9262,                 0.8367,                  0.388,                0.76838,                0.47159,                0.95008,             0.00018698,             0.00018698,             0.00018698
                    122,                0.43812,                0.42301,                0.56141,                0.95513,                0.77233,                0.95098,                0.90546,                 0.8603,                0.77233,                0.95098,                0.90546,                0.81745,                0.34906,                0.61045,                0.52929,                0.92074,             0.00018473,             0.00018473,             0.00018473
                    123,                0.43872,                0.41471,                0.58073,                0.96722,                 0.8114,                0.94983,                0.91764,                0.87687,                 0.8114,                0.94983,                0.91764,                0.82343,                0.36099,                0.62433,                0.50094,                0.93473,             0.00018248,             0.00018248,             0.00018248
                    124,                0.42684,                0.41663,                0.55181,                0.94358,                0.76508,                0.95174,                0.88097,                0.83419,                0.76947,                0.95612,                0.88554,                0.79812,                0.37011,                0.65052,                0.59059,                0.93421,             0.00018023,             0.00018023,             0.00018023
                    125,                0.43903,                0.40778,                0.56174,                0.96308,                0.80113,                0.96087,                0.91288,                0.87248,                0.80715,                0.96999,                0.91774,                0.82352,                0.37751,                0.62678,                0.51512,                0.94022,             0.00017797,             0.00017797,             0.00017797
                    126,                0.43517,                0.42212,                 0.5581,                0.95956,                0.78954,                0.95642,                0.91157,                0.86793,                 0.7971,                0.96336,                0.91548,                0.82284,                 0.3538,                0.63182,                0.51418,                0.91853,             0.00017572,             0.00017572,             0.00017572
                    127,                 0.4177,                0.41497,                0.53847,                 0.9461,                 0.8089,                0.95753,                0.91678,                0.87489,                0.80742,                 0.9611,                0.92021,                0.83523,                0.37434,                0.66579,                0.51931,                0.92255,             0.00017347,             0.00017347,             0.00017347
                    128,                0.41822,                  0.411,                0.55857,                0.95573,                0.79632,                0.94801,                0.91799,                0.87978,                0.79632,                0.94801,                 0.9222,                0.83014,                 0.3612,                0.64315,                0.56018,                0.92693,             0.00017122,             0.00017122,             0.00017122
                    129,                0.41464,                0.42859,                0.52875,                0.94515,                0.80478,                 0.9311,                0.92676,                0.88653,                0.81176,                0.93788,                0.93595,                0.82198,                0.34192,                0.68245,                0.51592,                0.91472,             0.00016896,             0.00016896,             0.00016896
                    130,                0.41907,                0.43497,                0.54022,                 0.9562,                0.76632,                0.96188,                0.91035,                0.87621,                 0.7721,                0.96883,                0.92099,                0.83672,                0.35145,                0.67241,                0.49313,                0.90911,             0.00016671,             0.00016671,             0.00016671
                    131,                0.42467,                0.39604,                0.53416,                0.94993,                0.83998,                0.92661,                0.92788,                0.88649,                0.84732,                0.93356,                0.93648,                0.84536,                0.33595,                0.65441,                0.48888,                0.91008,             0.00016446,             0.00016446,             0.00016446
                    132,                0.41107,                0.42271,                0.54363,                 0.9518,                0.89162,                0.89125,                0.93221,                0.89852,                0.89919,                0.89819,                0.93841,                0.83829,                0.33955,                0.65956,                0.51837,                0.91087,             0.00016221,             0.00016221,             0.00016221
                    133,                0.41475,                0.41037,                0.53761,                0.94292,                0.78278,                0.95729,                0.89637,                0.86539,                0.78996,                 0.9642,                0.90577,                0.81068,                0.34431,                0.65499,                0.54309,                0.91751,             0.00015996,             0.00015996,             0.00015996
                    134,                0.41676,                0.42097,                0.55284,                0.94721,                0.80115,                0.93408,                0.93108,                0.89165,                0.80787,                0.94102,                0.93567,                0.83961,                0.36156,                0.66886,                0.50665,                0.92046,              0.0001577,              0.0001577,              0.0001577
                    135,                0.41276,                0.42161,                 0.5391,                0.95326,                0.81201,                0.95213,                0.90363,                0.86616,                0.81907,                0.95907,                0.90824,                0.81656,                0.34159,                0.70607,                0.52917,                0.91711,             0.00015545,             0.00015545,             0.00015545
                    136,                 0.4012,                0.39123,                0.53195,                0.94391,                0.81271,                0.94437,                0.90814,                0.87291,                0.81994,                0.95131,                 0.9168,                 0.8331,                0.33405,                0.65325,                0.49027,                0.90536,              0.0001532,              0.0001532,              0.0001532
                    137,                0.40923,                0.42571,                0.52043,                0.94303,                0.82063,                0.94081,                  0.932,                0.89043,                0.82811,                0.94776,                0.94098,                0.84941,                0.35655,                0.66356,                0.52829,                0.91521,             0.00015095,             0.00015095,             0.00015095
                    138,                0.40378,                0.40212,                0.51076,                0.94614,                0.83799,                0.94632,                0.93249,                0.89273,                0.84544,                0.95326,                 0.9365,                 0.8504,                0.35969,                0.69205,                0.51368,                0.92833,             0.00014869,             0.00014869,             0.00014869
                    139,                 0.4029,                0.39616,                0.52432,                 0.9451,                0.81625,                0.96549,                0.92305,                0.88525,                0.82341,                0.97243,                0.92813,                0.84242,                0.34724,                0.67413,                0.50578,                0.91081,             0.00014644,             0.00014644,             0.00014644
                    140,                0.41374,                0.41379,                0.52563,                0.93892,                0.80758,                 0.9497,                0.93166,                0.89457,                0.81522,                0.95659,                0.93831,                 0.8525,                0.34986,                0.62237,                0.49075,                0.91356,             0.00014419,             0.00014419,             0.00014419
                    141,                0.41937,                0.40999,                0.52339,                 0.9498,                0.79143,                0.94957,                 0.9254,                0.88846,                0.79888,                0.95652,                0.92987,                0.84042,                 0.3444,                 0.6512,                 0.5253,                0.92246,             0.00014194,             0.00014194,             0.00014194
                    142,                0.40251,                0.40032,                0.52751,                 0.9353,                0.79217,                0.92796,                0.91142,                0.87738,                0.79931,                 0.9349,                  0.917,                0.83166,                0.31805,                0.64948,                0.52547,                0.89717,             0.00013969,             0.00013969,             0.00013969
                    143,                0.41279,                0.40121,                0.51403,                0.94816,                0.78785,                0.94257,                0.89343,                0.85873,                0.79432,                0.94881,                0.90067,                0.81459,                0.33178,                0.63935,                0.52353,                0.90435,             0.00013743,             0.00013743,             0.00013743
                    144,                0.40403,                0.41172,                0.51378,                0.93755,                 0.8015,                0.95355,                0.90357,                0.86675,                0.80839,                 0.9605,                0.91393,                0.81941,                0.33756,                0.64207,                 0.5389,                0.91733,             0.00013518,             0.00013518,             0.00013518
                    145,                0.40462,                0.40256,                0.49489,                0.93972,                0.82893,                0.93605,                0.92037,                0.88793,                0.83632,                  0.943,                0.92516,                0.82895,                0.33213,                0.67079,                0.49259,                0.90429,             0.00013293,             0.00013293,             0.00013293
                    146,                0.39808,                0.40818,                0.50514,                0.93342,                0.77029,                 0.9586,                0.91454,                0.88139,                0.77826,                0.96552,                0.92063,                0.83347,                0.34321,                0.66814,                0.54211,                0.91073,             0.00013068,             0.00013068,             0.00013068
                    147,                0.39528,                0.36824,                0.50586,                0.93492,                0.80487,                0.95687,                  0.903,                0.87098,                0.81188,                0.96379,                0.91232,                0.82514,                0.34046,                0.69511,                0.53839,                0.90893,             0.00012842,             0.00012842,             0.00012842
                    148,                0.40085,                0.38238,                0.51207,                0.92817,                0.77898,                0.96002,                0.91449,                0.88489,                0.78656,                0.96694,                0.92033,                0.83084,                0.32812,                0.66461,                 0.5259,                0.89925,             0.00012617,             0.00012617,             0.00012617
                    149,                0.39749,                0.37043,                0.50234,                 0.9352,                0.79062,                 0.9316,                0.89873,                0.86551,                0.79807,                0.93854,                0.90972,                0.81836,                0.31131,                 0.6389,                0.53207,                0.89585,             0.00012392,             0.00012392,             0.00012392
                    150,                0.39489,                0.41055,                0.50793,                0.93689,                0.78311,                0.94139,                 0.8917,                0.85931,                0.79046,                0.94833,                0.89903,                0.80416,                0.32441,                0.65224,                0.53142,                0.90245,             0.00012167,             0.00012167,             0.00012167
                    151,                0.38774,                0.40101,                 0.5058,                0.92471,                0.78457,                0.96167,                0.90554,                0.87407,                0.79186,                0.96861,                0.91106,                0.82113,                0.32389,                0.66532,                0.51277,                0.89714,             0.00011941,             0.00011941,             0.00011941
                    152,                0.38756,                0.39808,                0.49251,                0.93594,                0.77553,                0.96015,                0.90656,                0.87567,                0.78283,                 0.9671,                0.91376,                0.81761,                0.32345,                0.68103,                0.50313,                0.89904,             0.00011716,             0.00011716,             0.00011716
                    153,                0.38944,                0.37952,                0.51067,                0.94065,                0.82925,                 0.9505,                0.92323,                0.88884,                 0.8366,                0.95744,                0.93333,                0.82644,                0.32795,                0.66702,                 0.5164,                0.90766,             0.00011491,             0.00011491,             0.00011491
                    154,                0.39026,                0.38866,                0.49739,                0.93033,                0.79677,                0.91266,                0.91369,                0.87729,                0.80428,                 0.9196,                0.92217,                0.82963,                0.33023,                 0.6685,                0.52487,                0.90488,             0.00011266,             0.00011266,             0.00011266
                    155,                0.38851,                0.39234,                0.48633,                0.92906,                0.78008,                0.95352,                0.90566,                0.86936,                0.78804,                0.95941,                0.91406,                 0.8289,                0.33909,                0.64608,                0.53984,                0.90353,             0.00011041,             0.00011041,             0.00011041
                    156,                0.38584,                0.38687,                0.51099,                0.93854,                0.77821,                0.94296,                0.91515,                0.88605,                0.77821,                0.94296,                0.91515,                0.82439,                0.31011,                0.63946,                 0.5331,                0.89414,             0.00010815,             0.00010815,             0.00010815
                    157,                0.39942,                0.39176,                0.51612,                0.93672,                0.78969,                0.94554,                0.90243,                0.87139,                0.79686,                0.95248,                0.91082,                0.81518,                0.30908,                0.66378,                0.49938,                0.89227,              0.0001059,              0.0001059,              0.0001059
                    158,                0.37712,                0.40125,                0.50149,                0.93487,                0.77737,                0.95197,                0.89969,                0.87265,                 0.7849,                0.95892,                  0.908,                0.81887,                0.30124,                0.64784,                0.54165,                0.89336,             0.00010365,             0.00010365,             0.00010365
                    159,                0.38736,                 0.3901,                0.48546,                0.93897,                0.80257,                0.97068,                 0.9153,                0.88244,                0.81013,                0.97762,                 0.9236,                0.82662,                0.29255,                0.66241,                0.46846,                0.88781,              0.0001014,              0.0001014,              0.0001014
                    160,                0.38394,                0.37474,                0.49965,                0.92884,                 0.7765,                0.96694,                0.91047,                0.87719,                 0.7765,                0.96694,                0.91047,                0.83535,                0.32655,                0.64703,                0.47255,                0.90771,             9.9144e-05,             9.9144e-05,             9.9144e-05
                    161,                0.36884,                0.36978,                0.47443,                0.91551,                0.77546,                0.93408,                0.89111,                0.85507,                0.78304,                0.94096,                0.89542,                0.80968,                0.32286,                0.64816,                0.52431,                0.90887,             9.6892e-05,             9.6892e-05,             9.6892e-05
